"행정구역별(1)",행정구역별(2),2001,2002,2003,2004,2005,2006,2007,2008,2009,2010,2011,2012,2013,2014,2014,2015,2015,2016,2016,2017,2017,2018,2018,2019,2019,2020,2020,2021,2021,2022,2022,2023,2023,2024,2024,2025,2025
"행정구역별(1)",행정구역별(2),재정자립도(세입과목개편전),재정자립도(세입과목개편전),재정자립도(세입과목개편전),재정자립도(세입과목개편전),재정자립도(세입과목개편전),재정자립도(세입과목개편전),재정자립도(세입과목개편전),재정자립도(세입과목개편전),재정자립도(세입과목개편전),재정자립도(세입과목개편전),재정자립도(세입과목개편전),재정자립도(세입과목개편전),재정자립도(세입과목개편전),재정자립도(세입과목개편전),재정자립도(세입과목개편후),재정자립도(세입과목개편전),재정자립도(세입과목개편후),재정자립도(세입과목개편전),재정자립도(세입과목개편후),재정자립도(세입과목개편전),재정자립도(세입과목개편후),재정자립도(세입과목개편전),재정자립도(세입과목개편후),재정자립도(세입과목개편전),재정자립도(세입과목개편후),재정자립도(세입과목개편전),재정자립도(세입과목개편후),재정자립도(세입과목개편전),재정자립도(세입과목개편후),재정자립도(세입과목개편전),재정자립도(세입과목개편후),재정자립도(세입과목개편전),재정자립도(세입과목개편후),재정자립도(세입과목개편전),재정자립도(세입과목개편후),재정자립도(세입과목개편전),재정자립도(세입과목개편후)
"전국",소계,57.6,54.8,56.3,57.2,56.2,54.4,53.6,53.9,53.6,52.2,51.9,52.3,51.1,50.3,44.8,50.6,45.1,52.5,46.6,53.7,47.2,53.4,46.8,51.4,44.9,50.4,45.2,48.7,43.6,49.9,45.3,50.1,45.0,48.6,43.3,48.6,43.2
"서울특별시",소계,95.6,95.6,95.9,95.5,96.1,94.3,90.5,88.3,92.0,85.8,90.3,90.2,88.8,84.2,80.0,84.3,80.3,84.7,80.7,85.0,80.5,84.3,79.2,82.2,76.5,81.4,76.1,80.6,75.6,80.9,76.3,81.2,75.4,79.8,74.0,79.1,73.6
"서울특별시",종로구,72.3,75.7,70.4,68.2,73.8,77.2,69.8,72.2,81.2,78.5,72.1,65.7,61.0,61.1,55.0,56.2,50.0,54.6,50.4,54.9,50.8,52.7,47.4,53.6,47.4,53.7,47.0,52.4,47.2,51.2,47.5,50.3,46.7,48.7,42.0,49.1,39.8
"서울특별시",중구,95.0,93.0,91.9,92.7,92.5,74.4,83.0,86.0,85.7,82.9,77.1,76.9,70.9,71.6,63.5,65.7,58.6,65.2,57.1,62.4,58.4,63.3,53.4,66.0,54.9,67.6,53.5,69.2,55.3,65.6,55.3,64.2,55.8,64.0,53.6,62.0,55.7
"서울특별시",용산구,51.8,52.8,45.9,53.0,55.3,53.5,53.0,70.2,60.4,62.7,63.8,61.6,55.4,51.2,43.1,47.9,40.1,47.1,41.0,48.7,42.4,46.2,41.1,46.5,39.2,49.9,39.3,45.9,41.7,47.7,41.9,49.2,41.7,49.6,39.4,50.5,37.3
"서울특별시",성동구,42.2,41.0,38.0,34.5,38.0,40.7,39.9,45.2,51.0,52.0,51.0,50.4,48.7,45.0,32.2,39.4,34.5,40.0,37.3,39.6,34.5,38.2,34.1,39.2,32.5,39.2,32.7,40.1,33.2,40.6,34.2,40.7,34.5,39.3,30.2,38.4,32.9
"서울특별시",광진구,42.3,39.0,37.3,37.6,41.6,44.9,39.9,44.6,47.1,44.0,42.5,37.7,34.2,32.1,30.4,30.9,27.4,32.3,27.2,33.5,28.1,33.0,27.1,33.3,26.7,32.1,26.2,34.8,26.1,34.0,25.0,33.1,26.1,32.9,23.2,32.5,23.0
"서울특별시",동대문구,37.0,38.8,34.5,36.4,38.3,41.3,36.9,38.7,44.5,46.2,43.1,41.6,35.9,32.9,28.6,29.4,27.0,29.5,27.8,28.9,27.2,27.8,25.6,26.7,23.8,25.8,23.2,27.0,24.5,27.8,23.7,28.2,23.8,28.8,21.6,27.6,20.3
"서울특별시",중랑구,35.1,32.0,30.3,30.3,31.1,29.3,29.5,30.9,30.2,30.5,31.5,30.7,28.0,25.9,23.0,23.9,23.2,23.3,21.0,23.2,20.6,23.3,19.0,25.2,18.1,24.9,17.5,22.7,18.2,22.5,18.2,25.6,21.6,25.2,15.4,24.5,15.1
"서울특별시",성북구,43.7,44.5,44.6,43.1,47.4,44.5,39.1,41.2,40.6,34.8,35.8,33.4,30.5,26.8,23.9,24.4,22.4,25.5,22.8,26.6,21.8,27.0,19.6,25.8,19.6,24.4,20.0,24.9,20.6,27.3,19.9,28.6,20.7,28.3,18.7,30.8,17.0
"서울특별시",강북구,30.4,31.8,30.0,27.9,29.1,31.1,30.0,36.2,35.0,31.7,32.1,29.6,26.2,24.1,20.4,21.8,18.6,22.8,19.1,25.4,18.8,25.9,17.6,24.3,16.8,24.3,16.8,23.9,17.2,23.7,17.1,25.4,17.2,22.6,15.3,20.7,15.6
"서울특별시",도봉구,37.6,37.4,35.1,38.3,37.2,38.5,34.6,35.3,37.2,35.9,32.1,30.1,27.6,24.9,21.2,22.8,19.5,23.8,20.4,26.1,19.8,25.6,18.5,25.3,17.8,24.5,18.4,25.3,18.9,24.8,19.4,25.1,20.0,24.0,17.3,22.5,16.8
"서울특별시",노원구,33.5,33.2,30.1,29.5,30.7,32.0,28.8,29.1,29.2,27.4,27.7,22.7,22.3,19.0,17.2,17.5,15.9,19.2,17.7,20.8,17.8,21.1,15.6,20.6,15.4,20.7,15.8,20.2,15.9,22.0,16.7,22.0,16.5,22.7,16.6,18.8,16.6
"서울특별시",은평구,31.2,31.1,29.1,30.9,35.0,30.4,33.0,35.0,35.3,33.8,29.7,30.9,29.2,24.5,22.1,22.0,19.8,23.7,20.8,24.0,19.0,23.9,18.0,22.8,17.5,22.5,17.9,22.1,18.4,23.5,18.0,24.8,18.1,21.5,16.0,20.4,15.7
"서울특별시",서대문구,39.1,42.3,38.8,39.6,43.5,43.6,40.3,45.4,41.9,38.6,40.0,40.8,39.2,33.7,28.4,30.4,25.7,30.1,26.2,32.5,26.6,32.3,25.4,32.2,24.1,32.6,23.4,35.9,23.5,31.7,25.1,33.2,25.2,34.5,20.3,28.7,21.6
"서울특별시",마포구,46.7,44.7,38.5,40.6,50.3,51.7,51.8,49.6,48.2,47.1,49.3,49.1,46.1,42.6,32.8,40.9,33.3,40.9,33.1,41.6,32.9,40.1,31.5,38.9,30.7,38.8,31.6,39.1,32.0,38.3,32.6,39.2,33.0,38.9,28.0,39.1,29.2
"서울특별시",양천구,58.2,60.4,42.9,44.6,58.2,59.7,52.8,52.9,50.8,43.6,41.1,39.0,35.8,31.9,29.4,28.7,27.3,30.6,28.2,31.6,28.5,31.0,26.8,28.9,24.5,29.0,25.2,30.9,25.2,29.6,25.4,30.5,25.3,28.8,21.6,30.9,23.2
"서울특별시",강서구,44.0,45.6,41.4,43.8,45.3,43.9,38.1,35.1,32.9,33.8,34.5,33.1,29.7,27.6,23.3,26.0,22.4,25.6,22.5,26.9,21.6,26.5,21.5,28.2,19.7,29.0,21.1,27.1,21.9,26.4,20.8,27.1,21.1,27.1,19.4,26.3,19.4
"서울특별시",구로구,45.5,43.4,40.6,39.3,47.1,43.9,42.9,41.4,40.1,40.1,38.7,36.8,32.1,30.9,27.1,27.1,25.1,26.6,24.8,26.7,24.0,27.8,22.5,27.0,21.8,26.5,22.2,27.5,22.5,26.8,21.9,28.8,22.1,27.4,19.9,26.7,19.6
"서울특별시",금천구,37.6,39.7,36.2,32.9,31.8,32.9,33.4,41.8,37.4,37.8,41.0,42.2,39.1,33.7,30.3,31.6,27.4,31.3,26.8,30.2,27.2,28.6,25.6,29.7,25.3,30.0,24.7,31.0,26.3,29.8,25.1,33.6,23.6,33.0,22.0,32.2,21.6
"서울특별시",영등포구,78.8,81.9,72.4,73.5,76.0,71.2,67.4,66.9,68.8,66.5,59.5,56.2,49.4,49.2,42.4,46.3,44.2,45.1,42.8,44.3,42.0,42.8,37.9,42.6,35.7,42.2,36.0,42.6,36.5,42.9,37.3,43.1,37.4,43.8,35.2,41.9,34.3
"서울특별시",동작구,39.2,41.7,42.0,43.3,47.1,48.2,42.1,43.4,44.0,45.0,47.7,44.4,40.0,34.4,31.8,28.7,28.7,33.1,28.7,34.2,27.2,31.9,26.8,31.4,26.0,32.0,26.4,32.2,29.1,31.5,28.1,31.9,27.4,34.4,28.4,34.7,28.2
"서울특별시",관악구,31.4,32.6,31.3,33.1,35.7,36.6,28.3,34.2,34.5,33.9,34.3,34.0,33.0,31.1,25.3,25.3,21.6,24.8,20.7,25.8,20.6,26.5,19.4,25.4,18.7,24.9,19.3,23.1,19.7,23.8,19.6,26.0,19.9,24.8,17.7,22.9,17.1
"서울특별시",서초구,91.4,90.5,89.8,91.4,92.6,90.4,90.5,77.1,78.5,79.8,79.4,81.5,73.8,69.0,63.0,64.0,57.4,63.6,57.9,68.5,52.5,63.3,53.4,62.8,53.3,62.5,54.7,62.8,58.2,63.5,57.8,64.1,57.3,62.2,53.2,62.7,52.6
"서울특별시",강남구,90.8,87.7,87.6,91.4,89.9,87.2,88.0,75.5,79.4,77.1,82.8,80.5,75.9,70.3,64.3,66.2,60.0,65.0,60.0,67.6,58.2,67.9,53.3,66.2,54.4,68.0,52.3,70.6,54.9,69.4,58.9,69.3,60.4,65.3,56.1,66.2,54.8
"서울특별시",송파구,68.4,67.4,62.9,74.1,83.7,84.2,74.9,70.6,74.6,73.9,61.2,63.3,55.1,51.3,44.5,49.3,42.1,48.9,42.9,49.2,42.8,47.7,39.0,46.9,38.4,47.3,37.6,48.0,39.8,46.9,40.0,46.9,37.4,44.8,31.9,43.8,32.8
"서울특별시",강동구,41.8,43.3,41.3,41.2,53.8,53.1,49.2,53.7,49.0,44.5,47.7,44.2,39.1,34.9,30.4,32.2,29.2,33.0,30.2,34.8,30.1,33.6,31.0,41.1,22.2,31.5,26.3,32.4,26.7,30.4,25.4,30.4,25.6,28.9,21.9,30.1,24.9
"부산광역시",소계,74.4,69.7,74.9,75.6,73.4,70.2,62.9,60.5,58.3,57.6,56.4,57.4,56.6,57.4,51.4,56.8,51.0,60.1,50.9,60.1,52.9,58.7,52.3,56.7,50.0,54.8,49.2,49.8,46.1,53.7,46.9,53.2,46.0,51.4,45.1,48.6,42.7
"부산광역시",중구,55.0,51.5,46.3,47.4,40.8,31.3,28.9,26.1,27.6,27.7,29.4,31.2,30.0,28.9,23.6,27.5,22.7,27.6,21.7,30.4,22.8,31.1,21.4,31.6,22.2,26.3,23.6,26.0,23.4,26.4,23.4,26.3,23.7,28.2,22.0,25.2,22.6
"부산광역시",서구,25.7,22.5,21.3,22.1,17.7,16.3,13.5,13.3,13.6,11.4,14.7,14.8,13.6,14.0,10.4,14.5,9.9,15.7,10.3,16.7,11.4,18.2,11.6,16.3,11.7,17.5,12.2,16.6,11.3,18.6,12.4,16.6,13.6,19.2,12.4,20.9,12.4
"부산광역시",동구,33.6,45.9,31.1,33.7,30.0,32.3,20.2,15.4,19.4,15.8,18.0,19.7,19.8,18.1,15.3,17.2,14.6,16.2,14.8,16.6,15.3,18.8,15.3,18.9,15.6,18.6,15.8,18.2,15.7,18.6,16.3,19.3,17.3,19.0,16.6,19.5,14.8
"부산광역시",영도구,24.9,28.6,27.6,30.1,23.4,18.8,15.5,13.0,14.5,13.8,14.0,13.6,14.4,13.5,10.9,11.4,9.9,12.5,9.7,13.5,9.9,14.6,9.7,14.0,9.5,14.3,9.1,13.7,9.3,14.4,10.2,14.8,10.7,14.4,9.2,15.6,9.5
"부산광역시",부산진구,53.0,47.2,46.0,45.8,43.3,38.8,31.6,28.4,24.7,23.1,28.6,29.8,30.8,26.1,23.9,24.2,21.9,24.1,21.3,27.2,22.8,27.4,20.3,22.9,20.0,22.9,19.8,21.5,19.9,23.5,20.6,22.7,21.3,22.6,19.0,22.4,17.7
"부산광역시",동래구,51.7,48.5,42.0,44.9,39.3,29.7,27.2,24.5,26.1,24.1,26.7,27.5,25.9,23.4,20.3,22.7,20.0,23.8,21.4,23.4,21.1,22.8,20.7,22.7,20.7,25.1,20.1,24.6,21.3,25.6,21.4,26.2,22.3,23.6,19.2,23.1,18.1
"부산광역시",남구,42.4,38.6,36.2,36.7,35.9,26.7,24.4,22.6,22.5,18.2,23.6,25.5,26.9,24.3,22.1,26.1,22.7,29.9,23.2,31.4,23.3,34.4,24.8,31.0,22.8,27.9,19.7,26.6,19.7,28.6,20.7,28.4,19.6,26.3,18.4,25.7,17.1
"부산광역시",북구,27.5,25.5,23.7,23.0,20.9,18.2,14.2,13.7,14.1,13.2,15.6,17.2,15.9,15.0,13.6,15.5,13.8,16.8,13.9,17.0,14.2,16.6,14.0,15.6,13.3,14.6,12.5,13.5,11.9,14.1,11.2,14.4,11.1,13.2,10.7,12.3,9.9
"부산광역시",해운대구,48.0,46.2,42.8,44.0,42.8,31.0,29.4,31.7,28.3,25.0,30.4,33.2,34.1,32.8,28.9,31.3,27.4,31.1,27.4,32.0,28.6,31.4,28.3,29.1,27.4,31.6,30.0,30.3,28.9,32.1,27.3,32.1,29.6,28.7,26.2,27.4,24.9
"부산광역시",사하구,41.1,37.8,36.5,39.2,34.4,25.8,23.9,20.4,20.8,18.8,22.8,23.8,22.0,21.7,19.9,19.2,18.3,19.7,17.9,21.7,18.6,22.3,18.6,18.9,16.7,20.2,18.1,18.9,16.8,18.1,16.4,18.8,16.4,20.0,17.7,18.0,15.1
"부산광역시",금정구,36.9,34.5,37.2,35.9,33.9,25.1,19.9,19.9,23.9,19.1,23.1,28.0,26.6,26.3,22.0,23.5,19.9,24.0,19.8,24.1,19.4,24.7,19.3,22.8,17.6,23.0,16.5,23.2,16.0,24.7,15.8,23.7,17.1,23.2,15.9,19.9,15.6
"부산광역시",강서구,36.0,34.8,32.2,33.1,30.8,28.3,29.7,31.7,35.1,38.6,44.3,44.7,47.8,52.0,46.9,50.3,44.6,49.6,45.6,53.9,49.8,50.4,48.1,49.8,47.7,46.7,45.0,45.0,43.4,45.4,41.5,44.1,42.7,44.3,41.6,45.3,39.6
"부산광역시",연제구,39.8,34.9,34.4,39.0,37.5,30.0,28.2,24.7,24.7,21.7,23.7,25.8,32.3,23.9,19.5,22.4,18.8,22.5,18.8,24.7,20.4,25.1,20.5,23.4,19.2,21.3,16.9,23.6,19.0,24.1,17.7,25.5,18.7,21.9,17.2,22.0,17.5
"부산광역시",수영구,49.7,45.0,40.2,39.2,35.9,29.7,25.9,20.3,23.7,20.0,26.4,31.4,26.1,26.6,19.7,23.7,19.5,25.6,18.6,25.5,18.6,24.7,19.5,22.9,18.4,26.2,18.4,22.5,18.8,23.9,19.2,26.6,20.0,24.6,17.6,22.7,16.3
"부산광역시",사상구,40.6,41.3,40.1,37.6,34.1,26.9,25.4,21.9,23.1,22.3,25.9,26.5,25.8,24.6,21.3,24.8,21.6,24.6,20.7,24.6,20.8,24.2,20.3,23.2,19.0,23.1,19.9,21.7,18.6,22.6,18.7,23.2,19.1,21.1,18.0,20.3,16.0
"부산광역시",기장군,39.3,35.9,34.7,42.5,39.2,36.4,33.6,34.1,33.2,40.4,32.4,35.0,37.4,36.4,31.5,35.3,30.0,36.7,31.5,37.7,32.7,38.2,33.3,39.6,32.1,36.5,30.6,31.9,28.5,32.7,27.5,38.6,26.6,34.7,27.8,32.2,28.1
"대구광역시",소계,75.3,69.2,76.4,73.2,73.9,70.7,63.9,59.5,54.7,56.3,53.5,52.8,51.8,51.7,46.1,53.1,46.9,57.1,50.6,56.6,49.9,54.2,47.6,51.6,45.9,50.5,45.4,48.9,44.6,51.1,47.9,52.3,47.4,47.6,44.3,46.7,41.9
"대구광역시",중구,52.4,61.2,56.4,46.2,41.0,32.1,31.4,31.8,33.0,30.6,35.8,35.1,34.7,31.8,26.3,31.7,25.4,31.1,26.5,32.0,26.8,31.3,25.8,31.1,25.6,27.2,25.2,27.2,26.1,27.6,26.6,29.6,28.6,32.9,25.3,28.1,25.8
"대구광역시",동구,29.8,32.0,30.1,27.6,24.7,21.6,20.8,17.7,18.2,15.7,18.7,22.5,20.1,18.2,16.8,17.8,16.6,19.1,16.9,21.0,17.9,19.9,17.0,19.5,16.9,19.6,17.9,18.7,17.1,19.0,17.3,18.2,17.3,17.4,16.0,17.2,14.4
"대구광역시",서구,38.1,38.7,39.9,35.0,31.9,27.7,25.9,24.0,20.0,16.8,21.0,21.3,19.9,18.4,15.0,16.9,13.7,18.6,14.9,17.2,13.7,18.0,13.7,18.1,13.1,15.9,13.7,15.3,13.1,14.9,12.5,17.2,13.9,20.8,13.1,18.1,12.5
"대구광역시",남구,32.6,37.2,33.4,28.0,25.4,19.6,19.0,17.6,17.5,15.9,19.1,17.4,17.4,15.7,10.7,14.8,9.9,14.4,9.4,17.5,9.4,16.8,9.5,15.4,9.5,15.0,11.0,12.2,10.9,12.3,11.1,16.6,10.6,16.9,11.1,17.1,10.1
"대구광역시",북구,36.4,42.5,35.3,31.0,31.0,25.2,24.1,20.9,20.7,18.8,23.2,23.5,23.6,20.5,19.1,20.5,19.1,21.6,19.8,22.7,19.9,22.3,17.9,20.7,17.4,21.5,18.0,20.4,17.4,20.1,17.8,20.4,17.7,20.1,16.7,20.3,16.0
"대구광역시",수성구,35.2,37.2,36.7,35.9,33.0,39.5,38.5,35.1,33.0,30.0,29.4,29.5,29.4,28.0,26.7,26.3,24.7,28.3,25.3,29.1,25.8,29.0,25.8,30.9,28.1,29.6,25.5,30.0,26.1,29.8,27.7,30.5,28.6,29.8,24.1,27.1,24.1
"대구광역시",달서구,41.1,41.3,40.2,37.7,39.8,32.5,31.9,27.7,26.4,23.0,27.4,29.0,29.7,26.3,24.3,24.8,23.2,26.2,24.4,26.5,23.7,25.7,23.1,25.0,22.6,23.7,22.4,23.0,21.7,21.8,20.6,22.3,21.1,20.4,18.3,20.2,18.1
"대구광역시",달성군,41.0,36.9,37.1,33.0,31.2,30.2,33.3,34.6,36.2,38.5,37.2,35.9,36.6,35.8,24.9,36.3,26.6,42.7,26.8,40.6,25.9,41.2,28.1,39.1,27.6,37.2,27.9,36.2,28.4,29.7,29.1,29.8,29.3,31.9,30.0,35.9,26.9
"대구광역시",군위군,-,-,-,-,-,-,-,-,-,-,-,-,-,-,-,-,-,-,-,-,-,-,-,-,-,-,-,-,-,-,-,-,-,10.0,8.7,12.2,9.7
"인천광역시",소계,77.7,74.4,74.6,75.9,70.0,69.2,69.8,71.0,74.2,70.4,69.3,71.0,67.3,66.9,62.6,64.4,59.1,67.0,62.5,65.4,60.5,67.0,60.3,64.6,57.7,59.8,54.0,56.1,50.3,57.7,52.8,59.6,52.4,54.9,49.6,55.6,49.2
"인천광역시",중구,46.7,48.7,47.6,51.4,55.3,46.3,44.0,50.0,49.5,50.1,52.1,51.9,54.3,53.5,45.6,53.7,46.5,50.9,43.2,51.6,46.5,53.2,42.0,50.2,42.0,47.3,45.2,48.3,44.0,43.8,38.9,44.2,39.5,43.2,38.1,46.2,42.1
"인천광역시",동구,22.1,22.0,24.2,24.4,39.5,30.1,28.2,29.2,31.1,33.4,32.0,29.2,26.1,25.3,14.8,30.1,12.4,22.5,13.7,24.2,13.4,33.5,10.4,34.4,9.0,19.9,11.5,22.7,10.6,18.0,11.5,19.2,13.0,27.1,13.1,28.9,12.8
"인천광역시",남구,33.2,37.3,35.1,34.0,35.1,32.1,25.6,23.2,22.4,21.7,28.4,28.4,25.6,22.2,19.4,22.6,17.8,19.9,17.2,21.5,17.8,-,-,-,-,-,-,-,-,-,-,-,-,-,-,-,-
"인천광역시",연수구,33.9,37.2,39.1,36.4,37.8,32.9,26.1,29.2,29.3,29.8,44.9,43.3,42.3,40.3,32.9,39.2,34.1,41.5,35.2,44.5,33.1,45.5,32.9,46.8,31.9,41.5,33.1,37.3,31.5,36.7,30.3,36.3,30.9,34.1,29.8,35.2,29.9
"인천광역시",남동구,38.3,36.5,43.6,41.8,42.5,41.0,36.7,45.2,40.1,37.0,41.6,40.8,39.6,35.3,29.4,33.9,28.3,33.1,27.3,33.7,26.1,33.3,24.5,31.1,22.8,28.5,21.6,25.8,22.0,24.6,20.4,24.5,19.6,22.3,17.2,22.7,16.8
"인천광역시",부평구,37.2,37.8,38.1,33.0,36.5,30.5,26.5,23.2,21.9,22.6,27.7,27.6,27.0,24.0,20.8,22.5,19.1,23.3,20.2,22.9,19.7,22.7,18.9,23.1,18.2,22.8,17.4,21.7,17.1,20.2,16.6,21.4,16.9,20.3,16.4,19.1,15.7
"인천광역시",계양구,32.1,42.2,36.5,35.5,35.8,29.0,25.1,23.5,20.8,21.4,28.0,28.6,23.9,21.5,19.5,22.4,19.0,23.6,19.9,22.9,19.6,23.1,18.3,24.0,16.8,19.4,15.2,19.4,15.6,19.6,16.0,21.5,16.6,20.0,15.4,19.5,14.6
"인천광역시",서구,52.0,53.0,51.0,47.6,44.9,37.7,33.1,33.4,33.3,36.0,47.3,45.9,43.9,40.4,36.8,40.0,36.7,40.6,36.6,40.6,36.7,40.4,33.4,40.0,33.2,34.6,31.9,33.7,31.3,33.2,31.0,34.2,32.0,30.7,28.4,28.6,27.5
"인천광역시",미추홀구,-,-,-,-,-,-,-,-,-,-,-,-,-,-,-,-,-,-,-,-,-,21.9,16.5,20.5,15.8,18.5,14.9,17.6,14.4,17.9,13.7,18.2,14.2,17.6,14.3,15.4,13.2
"인천광역시",강화군,19.4,20.1,16.2,14.3,14.4,12.6,13.5,16.4,16.5,17.2,13.2,13.5,12.9,13.6,11.0,14.9,11.1,15.3,11.7,16.2,11.6,17.3,11.0,19.2,12.6,16.7,14.5,16.0,14.2,14.2,12.5,13.9,12.3,13.5,11.9,15.1,12.0
"인천광역시",옹진군,19.9,23.2,23.8,31.8,21.1,20.4,27.6,12.9,20.3,22.7,21.1,18.2,14.3,20.2,8.7,20.2,8.9,19.2,8.9,17.7,9.8,16.9,9.2,12.7,7.8,11.8,9.0,11.9,9.0,11.3,8.4,11.0,8.7,13.4,9.6,15.5,10.1
"광주광역시",소계,63.6,61.6,63.0,59.8,60.6,57.5,54.2,52.6,48.3,47.5,47.5,46.6,45.4,46.0,41.9,49.3,44.2,51.5,46.7,49.2,44.8,49.0,43.8,46.8,40.8,45.3,41.1,44.5,40.8,46.0,41.1,46.2,42.3,42.7,40.7,42.0,39.8
"광주광역시",동구,37.6,34.4,32.8,29.2,26.7,20.3,17.4,14.9,18.1,15.5,18.2,15.8,16.8,17.4,14.9,14.3,12.9,14.7,13.4,15.6,14.0,14.3,13.6,20.0,11.7,14.7,13.8,15.3,14.4,15.1,14.1,17.3,15.6,19.2,16.3,15.7,14.2
"광주광역시",서구,33.9,35.1,30.5,29.4,31.7,25.4,22.7,24.6,21.7,22.1,23.6,24.5,24.5,24.1,20.6,24.0,21.0,23.5,20.7,24.8,21.9,25.0,20.4,22.5,20.1,21.7,19.0,19.5,17.5,20.1,15.7,20.9,17.0,22.2,18.6,21.3,19.6
"광주광역시",남구,23.3,21.5,20.4,19.4,23.8,17.7,18.1,15.7,16.9,15.7,15.8,16.3,14.4,18.6,18.1,12.9,12.2,13.5,12.6,14.6,12.8,13.7,12.3,13.1,11.9,12.5,11.4,14.1,12.7,12.0,11.9,14.4,14.0,15.7,14.7,12.9,12.8
"광주광역시",북구,31.5,31.7,29.9,28.4,26.7,22.1,17.3,16.2,16.0,15.8,18.7,17.1,16.8,15.9,15.4,14.1,13.7,14.1,13.6,14.5,14.1,16.9,13.7,16.5,13.8,18.3,13.9,14.8,13.6,15.5,13.4,15.9,13.3,14.1,13.3,13.5,12.5
"광주광역시",광산구,31.0,34.0,29.4,26.9,29.6,26.0,21.0,19.2,23.3,19.3,23.1,23.2,22.3,21.6,19.8,21.4,19.9,21.4,20.0,22.5,20.3,21.9,19.6,22.4,20.0,22.6,20.5,22.0,19.2,22.0,19.7,22.8,20.6,21.7,18.8,22.2,18.5
"대전광역시",소계,74.9,73.6,73.6,74.4,75.0,72.8,72.1,66.4,59.3,56.3,57.2,58.3,57.5,54.9,49.4,54.9,49.3,55.0,50.3,57.1,50.9,54.4,47.1,48.2,43.9,46.0,41.4,45.1,39.9,46.8,42.4,46.4,42.3,45.3,41.7,45.1,41.1
"대전광역시",동구,24.9,23.8,23.6,24.6,23.6,15.6,17.7,17.8,16.4,12.2,16.1,16.5,15.8,14.5,13.1,13.7,12.8,14.1,12.5,15.3,12.2,13.5,11.5,11.5,10.8,11.9,11.0,11.5,10.6,11.3,10.5,11.8,11.1,12.3,10.2,12.6,9.9
"대전광역시",중구,37.5,30.3,33.5,32.2,27.0,25.0,23.0,21.4,17.7,18.4,20.4,20.3,19.8,18.0,16.3,17.7,16.1,18.2,15.3,19.1,14.9,15.8,13.6,14.5,12.4,15.3,13.0,13.5,11.1,14.8,12.6,15.3,12.6,16.5,12.6,16.5,12.0
"대전광역시",서구,39.4,40.1,37.1,41.0,38.0,30.7,28.9,26.7,26.4,22.5,26.2,26.2,23.9,21.0,21.0,20.3,20.3,24.0,20.1,26.2,20.0,22.4,18.8,21.2,17.6,20.5,17.6,19.2,17.8,19.0,16.1,19.6,16.8,18.0,15.9,19.3,16.3
"대전광역시",유성구,45.8,37.8,35.9,44.1,44.1,39.2,39.7,39.1,35.4,32.8,36.3,38.3,37.2,34.1,30.4,33.2,30.0,36.3,31.0,38.5,30.9,33.4,29.3,31.4,27.6,29.8,27.2,27.8,26.0,29.5,27.5,30.5,28.7,30.2,25.8,30.7,25.7
"대전광역시",대덕구,33.6,32.8,31.5,29.4,27.7,24.4,20.7,18.0,18.8,18.9,20.7,21.6,21.0,18.6,17.1,18.7,17.2,20.8,17.7,21.6,16.8,21.7,16.1,20.4,15.0,19.6,14.8,18.2,13.8,17.4,13.4,18.4,14.4,17.8,14.2,17.1,13.5
"울산광역시",소계,76.4,67.1,71.6,69.6,69.9,65.7,68.4,69.9,67.7,67.2,69.1,71.2,70.7,70.2,61.4,72.0,63.6,72.2,62.3,69.9,60.2,66.0,59.9,59.7,53.7,56.2,51.6,54.4,49.6,54.7,48.7,56.6,49.8,51.7,46.3,52.9,46.1
"울산광역시",중구,30.5,26.9,27.2,25.4,23.4,23.1,18.7,15.1,22.7,19.3,23.1,22.0,21.2,17.8,14.8,19.4,15.0,20.7,15.9,21.4,16.9,22.1,18.0,19.5,15.6,20.1,16.6,19.1,16.3,19.2,17.0,19.3,16.9,19.5,14.0,19.3,14.6
"울산광역시",남구,60.8,61.5,51.5,45.8,47.6,43.1,35.6,35.7,47.1,45.8,49.3,47.8,47.7,41.6,34.5,36.8,33.0,38.9,33.3,39.4,32.4,37.5,31.2,37.5,31.9,35.4,28.4,33.2,27.6,33.9,28.6,34.1,26.5,32.8,26.3,32.1,25.9
"울산광역시",동구,49.5,48.4,46.7,41.1,40.9,38.8,33.8,33.1,38.4,36.3,42.3,37.5,34.3,31.5,25.4,31.2,25.1,30.9,25.5,27.9,23.1,24.9,20.7,22.3,18.6,23.2,18.6,21.8,18.8,22.4,18.6,22.9,19.2,20.9,15.7,22.1,16.3
"울산광역시",북구,45.4,49.2,39.5,37.3,38.8,38.4,37.9,28.3,35.0,35.5,41.2,36.2,37.8,35.7,30.1,34.9,29.7,33.6,28.9,32.7,31.4,32.1,28.9,32.2,28.8,29.7,26.7,28.1,26.1,26.6,24.6,27.3,24.5,27.0,23.9,26.6,24.3
"울산광역시",울주군,57.9,54.4,50.6,48.6,51.9,50.5,49.6,56.9,56.7,48.6,47.5,46.3,45.7,47.2,39.9,50.4,45.1,44.8,34.6,49.7,34.4,44.8,39.9,46.0,38.7,45.1,37.7,45.3,32.0,44.3,34.3,46.2,32.5,43.8,32.5,43.1,31.7
"세종특별자치시",소계,-,-,-,-,-,-,-,-,-,-,-,-,38.8,50.6,47.6,54.8,44.0,59.0,44.2,70.5,58.0,69.2,57.1,72.7,62.1,64.8,59.3,64.0,58.8,65.8,56.9,69.7,57.2,63.8,57.5,62.7,54.3
"경기도",소계,78.0,76.5,78.0,78.8,76.2,75.2,74.9,76.3,75.9,72.8,72.5,72.6,71.6,67.7,61.2,66.6,60.7,67.4,61.6,70.1,61.3,69.9,61.9,68.4,60.5,64.8,58.6,63.7,57.3,66.3,61.6,65.7,60.5,62.7,55.1,62.8,55.7
"경기도",수원시,72.9,68.9,58.4,63.0,64.8,65.6,62.5,63.1,65.9,64.0,62.2,61.5,60.2,58.9,50.8,59.6,51.8,60.9,51.4,58.8,51.9,55.7,49.3,56.0,48.1,51.4,45.9,48.1,44.8,48.5,44.2,52.4,46.0,50.7,39.8,50.4,42.9
"경기도",성남시,72.9,70.8,62.7,70.4,70.2,72.4,71.7,74.0,70.5,67.4,67.1,63.0,65.2,64.3,57.8,61.9,56.2,61.9,56.8,63.6,58.7,63.5,59.2,64.6,58.1,63.9,60.5,61.6,58.5,62.2,62.2,63.4,59.6,63.5,57.2,62.0,53.7
"경기도",의정부시,61.9,54.8,49.5,50.5,53.3,48.2,43.4,42.4,47.0,41.9,41.4,37.9,33.3,33.6,29.8,30.4,28.2,34.1,30.0,34.8,30.6,30.7,28.3,30.0,26.6,27.2,25.0,29.8,22.9,27.6,21.1,28.0,22.6,24.1,23.2,24.4,22.1
"경기도",안양시,72.5,68.0,64.1,65.3,66.9,62.7,60.8,64.6,65.3,60.8,59.6,58.0,55.3,52.7,46.5,53.2,45.2,54.4,43.8,52.6,45.2,49.2,40.7,47.9,39.4,45.8,37.8,46.3,37.4,46.5,38.9,46.9,39.6,48.1,35.1,42.0,35.8
"경기도",부천시,69.0,65.5,55.4,58.7,64.4,62.0,56.5,59.1,53.4,49.9,50.6,51.5,45.9,45.3,41.6,41.0,38.9,47.5,38.1,42.4,38.6,40.4,37.1,39.9,34.4,39.4,30.9,35.5,32.5,34.0,31.2,34.8,31.1,31.8,28.5,31.5,28.1
"경기도",광명시,62.9,56.4,51.1,46.2,50.3,47.5,45.7,46.4,51.9,52.1,53.4,51.6,49.5,48.0,37.8,45.6,37.2,46.9,38.3,47.2,40.0,44.7,35.7,42.5,35.0,39.5,34.0,39.7,33.6,39.7,33.9,42.0,36.0,44.5,34.8,42.8,35.9
"경기도",평택시,53.1,46.9,39.5,39.9,44.9,43.9,46.5,53.6,51.8,54.4,52.7,53.5,45.1,44.6,40.1,44.5,39.3,46.2,41.0,46.1,42.1,49.0,45.6,48.9,45.9,45.6,41.5,44.3,41.1,44.5,41.6,47.1,45.8,46.9,43.5,44.6,41.6
"경기도",동두천시,44.4,35.4,24.8,20.1,21.6,24.5,24.2,22.2,23.5,24.2,27.0,20.0,19.6,20.8,17.3,18.5,15.6,21.9,14.7,31.7,13.5,29.3,14.2,30.0,12.7,22.1,14.4,17.5,14.4,15.8,13.1,15.5,13.9,20.5,14.0,20.3,12.6
"경기도",안산시,68.1,63.3,54.3,59.3,62.9,62.8,55.3,58.0,57.3,57.6,49.3,48.8,55.9,47.6,43.7,47.9,44.3,48.1,42.9,72.2,44.6,57.8,39.5,55.9,40.2,50.7,37.8,46.4,36.9,39.8,36.8,39.3,37.2,38.3,34.6,36.3,34.2
"경기도",고양시,67.6,67.6,59.3,60.2,61.2,60.6,61.6,60.6,62.2,60.4,53.2,54.6,54.7,53.8,47.8,48.8,44.5,50.2,45.4,53.8,46.1,48.9,42.1,45.6,38.7,38.3,33.8,38.4,34.7,39.2,32.8,37.6,32.7,37.5,33.7,37.1,32.3
"경기도",과천시,47.5,42.1,39.3,37.3,43.9,48.2,48.4,48.3,50.9,48.3,48.4,47.1,48.0,47.3,44.9,48.7,44.1,48.2,40.4,58.1,43.4,48.3,39.5,54.9,43.1,52.6,40.8,70.7,28.7,64.0,38.2,53.1,45.3,63.1,41.7,62.6,41.6
"경기도",구리시,47.4,50.1,49.4,49.1,46.2,42.5,37.1,40.0,43.7,48.4,45.5,47.2,43.0,43.7,39.3,42.3,32.2,40.0,32.1,38.7,34.8,38.9,34.5,35.6,31.4,35.0,31.1,38.8,33.9,35.6,28.0,36.6,28.4,36.4,31.5,31.9,27.1
"경기도",남양주시,54.3,54.5,42.1,46.3,44.5,40.4,41.1,40.6,42.6,44.2,42.7,41.8,40.8,36.7,34.4,38.7,36.1,40.3,35.6,39.8,35.4,34.2,32.0,34.7,32.8,31.7,30.1,32.7,29.6,31.2,29.8,32.5,30.6,31.7,29.0,30.0,28.0
"경기도",오산시,40.0,47.2,43.8,39.2,51.9,58.4,53.5,54.5,61.1,59.2,56.1,46.1,45.8,48.1,36.9,42.5,34.4,45.6,33.0,48.8,37.7,46.2,33.1,43.0,29.6,41.4,30.4,38.2,28.3,31.8,31.5,35.7,33.9,37.0,31.4,43.9,34.8
"경기도",시흥시,62.6,55.8,47.7,58.5,60.1,58.1,57.2,58.9,60.4,57.1,54.6,57.5,54.0,51.3,46.9,54.7,49.7,55.6,49.5,55.2,54.6,50.5,43.7,48.2,43.4,47.5,43.1,45.7,40.2,40.9,37.7,41.3,40.0,38.5,38.5,42.2,34.1
"경기도",군포시,67.3,61.8,55.9,55.4,56.4,56.7,51.8,55.5,61.4,52.4,52.3,53.4,48.5,45.7,38.8,45.7,38.7,46.2,38.8,47.0,37.5,45.3,36.3,43.8,34.1,38.5,32.0,37.2,32.4,33.9,31.5,35.2,32.7,35.9,29.7,34.1,28.6
"경기도",의왕시,53.7,49.7,44.2,40.4,51.5,44.1,44.3,40.5,54.4,52.9,53.6,47.6,47.7,47.1,42.7,45.6,36.5,46.0,39.6,51.2,41.5,51.5,40.5,47.0,37.3,41.2,36.2,40.9,32.5,39.1,36.3,40.3,35.7,40.7,35.5,44.9,37.8
"경기도",하남시,42.5,43.7,36.8,43.7,47.4,47.6,41.0,48.7,48.1,48.3,48.2,49.5,52.3,53.1,41.6,49.5,40.3,53.8,45.5,52.7,45.6,53.6,44.1,56.2,43.5,46.6,45.7,48.6,47.3,48.8,47.6,52.5,51.5,48.7,47.8,48.8,43.2
"경기도",용인시,75.3,57.1,51.8,54.3,63.7,56.4,63.8,67.2,72.9,66.2,69.4,60.8,63.8,61.4,57.5,60.7,54.8,61.9,54.8,63.4,58.1,62.1,55.5,60.8,53.0,57.3,50.2,54.8,48.7,55.6,48.7,58.8,47.9,55.8,49.7,53.9,47.9
"경기도",파주시,43.9,45.5,44.8,40.6,40.7,40.8,42.4,49.4,53.6,54.0,52.4,47.7,46.3,45.2,40.6,44.0,39.6,43.6,39.4,42.5,38.3,43.6,34.9,46.4,31.5,41.7,33.5,40.3,32.1,38.3,28.9,42.5,30.0,36.0,29.7,35.3,28.5
"경기도",이천시,49.8,52.4,44.5,41.5,48.4,40.5,38.2,40.7,42.1,50.0,47.9,42.9,40.6,42.7,38.7,47.4,43.8,51.1,47.5,51.0,43.8,52.9,51.4,56.8,55.6,47.9,43.9,51.0,38.5,54.8,44.6,61.0,43.9,52.2,34.6,51.3,45.4
"경기도",안성시,31.7,34.3,30.1,29.7,34.3,31.9,34.9,35.9,37.9,39.9,40.2,40.0,38.5,40.8,36.3,37.3,33.6,37.5,34.4,36.8,34.2,34.0,32.0,33.9,32.5,27.6,27.6,28.4,28.4,34.4,27.3,32.7,29.6,32.2,29.9,34.4,28.5
"경기도",김포시,56.4,46.7,41.6,42.9,38.0,40.7,44.5,51.3,47.9,45.8,54.0,55.0,53.5,50.7,45.0,52.6,43.6,50.0,44.9,51.9,44.8,46.1,40.4,46.2,37.7,42.0,35.4,42.8,34.0,39.9,32.8,41.4,37.2,36.7,33.8,38.2,33.4
"경기도",화성시,62.8,55.6,56.0,46.2,64.0,63.6,63.0,63.8,65.8,67.1,59.0,58.8,58.4,61.3,56.8,61.5,59.1,64.2,61.5,67.3,64.3,64.2,60.1,68.9,68.9,66.3,66.3,58.4,58.4,58.6,58.6,61.1,61.1,57.9,50.2,58.5,52.0
"경기도",광주시,55.0,55.4,46.9,48.8,52.7,60.8,58.9,58.8,59.0,57.6,60.8,57.4,55.4,60.2,58.5,52.2,48.6,51.6,49.4,53.4,51.6,48.5,43.6,48.7,41.0,41.0,39.9,40.7,39.6,42.2,36.0,39.4,36.6,39.3,36.1,41.6,31.7
"경기도",양주시,-,-,40.9,31.8,35.3,36.7,31.3,47.8,55.2,40.8,37.6,33.3,31.8,33.7,30.9,34.5,30.7,38.9,33.8,38.1,33.2,35.3,33.0,32.5,28.7,30.1,26.8,28.6,25.5,27.5,24.6,29.5,26.7,26.9,26.2,28.0,26.5
"경기도",포천시,-,-,31.4,31.5,34.1,33.1,32.6,33.1,35.7,34.8,32.1,28.6,29.5,27.4,24.2,28.2,24.7,29.8,26.3,31.8,31.8,27.3,27.3,26.8,26.8,22.1,22.1,24.2,24.2,24.9,22.6,26.9,24.6,25.9,22.8,31.9,19.6
"경기도",여주시,-,-,-,-,-,-,-,-,-,-,-,-,-,37.6,33.1,36.6,31.1,36.8,30.8,36.7,31.1,34.6,28.9,28.7,23.7,28.0,23.9,24.2,23.1,24.0,21.0,27.8,21.5,30.2,20.9,30.2,21.1
"경기도",경기 여주군,28.4,36.9,31.0,30.2,38.1,38.7,40.2,42.4,39.7,35.8,42.1,39.0,38.2,-,-,-,-,-,-,-,-,-,-,-,-,-,-,-,-,-,-,-,-,-,-,-,-
"경기도",연천군,22.1,27.5,18.5,15.3,22.4,23.9,28.6,28.0,27.2,27.0,27.6,23.4,22.5,23.4,19.2,24.5,20.7,20.4,20.4,23.5,20.1,21.0,17.9,20.5,16.4,22.0,18.3,22.5,18.6,22.5,14.5,24.1,15.0,19.8,15.3,18.5,15.3
"경기도",가평군,28.5,25.1,21.2,20.8,21.9,21.8,23.9,25.8,25.7,26.9,27.1,27.4,27.5,28.4,18.5,25.2,18.0,26.2,19.0,25.3,18.8,25.7,19.7,23.6,18.3,18.0,18.0,18.5,18.5,16.8,16.8,20.7,20.5,24.5,18.3,23.0,17.1
"경기도",양평군,27.6,20.2,20.9,18.9,17.4,16.9,18.7,23.9,29.7,24.4,25.0,24.7,23.8,22.9,20.6,22.9,20.2,23.3,20.5,25.0,22.4,24.3,20.0,22.1,17.7,20.0,18.3,22.2,17.7,21.8,16.8,21.6,20.5,21.3,17.5,20.7,17.3
"강원특별자치도",소계,29.8,28.0,26.7,28.9,27.5,26.7,28.3,28.2,28.0,27.1,27.5,26.9,26.6,26.6,22.2,25.9,21.5,27.1,22.4,29.1,24.1,28.7,23.5,28.6,23.5,28.8,25.8,28.3,24.5,27.6,24.7,29.4,25.4,28.9,25.2,29.0,25.7
"강원특별자치도",춘천시,35.4,35.2,33.0,33.3,34.4,32.9,31.1,33.3,31.0,30.7,29.5,28.7,27.9,27.6,22.6,26.0,22.4,27.7,24.2,28.7,25.4,30.1,23.7,26.9,22.3,22.2,21.3,20.1,19.1,20.1,19.3,22.6,20.1,22.5,18.9,19.8,18.9
"강원특별자치도",원주시,40.7,35.2,34.7,32.0,29.6,30.9,33.4,34.1,33.4,34.0,30.7,28.5,26.7,27.6,23.6,27.3,23.0,29.7,23.3,27.7,24.9,25.6,23.2,25.5,23.4,21.6,19.8,22.9,18.8,20.4,18.9,20.4,19.0,19.4,18.0,19.6,18.1
"강원특별자치도",강릉시,31.9,26.8,27.7,28.7,33.4,26.5,25.8,23.9,22.9,24.3,23.1,21.5,21.3,20.0,17.4,20.3,17.4,19.7,17.1,23.7,18.7,22.4,18.2,20.9,17.4,19.4,17.8,18.2,15.5,17.6,15.1,19.3,15.1,19.1,16.7,19.5,17.1
"강원특별자치도",동해시,27.5,24.6,23.0,21.6,21.9,21.2,21.2,22.0,17.6,18.5,17.8,17.5,17.5,19.5,19.5,19.5,19.5,19.9,19.5,20.9,20.2,21.2,19.6,20.1,18.6,19.2,16.7,18.5,17.3,16.6,16.6,15.6,15.6,17.8,17.8,22.1,17.5
"강원특별자치도",태백시,22.1,17.6,20.4,18.4,16.3,21.4,26.6,25.5,25.5,27.1,32.7,27.8,31.3,29.9,23.0,26.3,18.3,30.6,22.3,29.9,21.6,29.6,21.7,22.7,17.5,23.7,18.5,22.6,17.2,14.2,13.0,23.1,13.1,20.5,14.0,22.8,15.1
"강원특별자치도",속초시,30.8,28.1,28.1,37.9,30.1,26.5,26.3,22.0,23.6,24.1,23.1,20.3,19.7,21.0,19.3,20.0,17.1,25.2,18.1,23.7,17.9,22.6,18.4,23.2,18.0,19.9,17.3,23.4,19.7,20.9,20.1,18.3,17.5,19.2,18.4,19.4,17.8
"강원특별자치도",삼척시,18.2,17.6,13.7,12.3,13.9,13.4,15.0,16.2,15.6,16.7,15.9,16.2,17.1,21.4,17.3,18.0,15.0,20.5,15.8,17.7,15.3,18.4,15.1,17.4,14.0,13.5,13.5,12.2,12.2,13.3,13.2,13.5,13.5,13.6,13.6,13.0,13.0
"강원특별자치도",홍천군,17.5,19.0,18.5,15.4,17.6,15.7,16.2,17.5,18.9,19.1,19.1,17.7,15.9,16.1,11.7,16.3,12.1,19.4,14.2,18.8,13.6,17.8,13.2,16.7,12.6,14.0,12.1,13.9,11.9,13.3,11.4,21.2,11.7,19.3,12.1,12.2,12.2
"강원특별자치도",횡성군,15.1,13.7,13.8,15.5,14.8,13.7,13.3,13.9,12.1,13.6,12.7,13.9,18.6,18.9,10.6,19.5,11.4,18.5,11.0,16.2,11.0,16.4,10.0,18.2,9.4,15.1,11.4,15.7,11.7,14.8,11.4,13.9,10.9,13.9,11.9,15.6,12.0
"강원특별자치도",영월군,13.9,12.9,13.5,13.4,12.9,12.1,12.2,13.1,14.0,11.9,11.1,12.9,12.7,21.4,14.7,20.8,14.7,21.6,16.2,20.2,15.5,19.9,14.6,21.4,15.1,16.6,15.2,19.8,13.3,13.5,11.6,17.6,11.5,20.0,13.5,19.5,13.1
"강원특별자치도",평창군,21.7,17.6,17.8,18.1,18.7,14.5,16.0,18.9,19.3,19.9,15.1,14.6,14.3,13.2,11.6,12.3,11.0,12.8,11.6,14.0,11.8,14.8,12.6,14.5,12.1,13.1,11.5,12.7,11.2,12.5,11.0,12.8,11.5,13.1,11.7,14.0,12.6
"강원특별자치도",정선군,13.0,20.0,17.4,23.4,27.8,21.2,20.6,19.7,19.8,20.0,22.1,22.4,22.9,22.0,18.9,28.7,23.5,31.2,25.8,31.7,25.5,29.6,23.7,27.3,22.3,23.2,21.5,22.2,16.2,15.5,13.2,16.1,12.3,17.3,15.4,19.2,14.5
"강원특별자치도",철원군,18.1,13.6,13.6,13.2,13.0,10.9,11.5,11.6,12.4,11.2,10.4,11.5,10.7,10.0,7.3,12.1,8.2,13.1,8.6,12.8,8.8,12.1,8.1,12.0,8.3,12.0,8.5,10.4,7.2,11.7,8.6,12.9,9.9,15.0,12.1,13.9,11.0
"강원특별자치도",화천군,13.4,10.9,14.6,12.8,12.7,12.1,12.8,13.0,13.2,14.9,12.9,10.8,11.8,12.0,7.1,12.1,8.3,17.3,8.0,13.7,8.2,11.3,7.5,14.0,7.4,12.2,8.8,13.9,7.0,15.4,6.8,16.8,7.0,17.2,7.6,22.5,8.2
"강원특별자치도",양구군,25.5,25.7,21.7,21.5,19.6,17.2,17.6,17.6,18.0,15.4,13.7,14.2,15.2,15.3,8.1,17.0,8.2,17.2,7.8,17.5,7.5,14.2,7.1,14.1,6.8,15.4,8.1,18.9,9.4,13.8,9.5,16.6,9.6,13.6,8.5,16.0,8.6
"강원특별자치도",인제군,17.7,15.8,18.4,20.3,19.1,12.9,12.6,11.4,11.3,12.5,13.9,13.1,11.1,12.2,7.4,11.5,7.7,10.7,7.8,12.0,9.1,13.9,7.8,15.3,7.4,9.0,9.0,15.7,8.9,11.1,8.0,8.1,8.1,10.8,8.8,12.3,8.5
"강원특별자치도",고성군,17.1,15.1,15.5,19.3,17.5,14.0,13.7,14.6,12.6,13.3,13.8,9.8,11.8,10.9,8.0,13.4,7.8,13.7,9.2,14.9,9.1,14.8,8.9,14.3,9.4,10.6,8.6,10.9,8.1,9.4,7.8,9.8,8.3,11.2,10.1,12.8,10.2
"강원특별자치도",양양군,10.8,17.8,12.2,16.1,22.5,20.5,16.6,14.7,14.5,13.8,12.2,12.7,12.2,12.5,10.7,10.0,8.4,11.6,9.8,14.9,12.8,13.8,12.3,13.6,11.7,16.3,14.1,19.5,14.9,14.7,12.7,13.2,11.1,13.6,10.1,16.3,13.7
"충청북도",소계,36.5,32.9,31.4,31.3,31.7,31.3,33.3,34.2,33.3,33.7,32.7,34.2,34.2,33.6,26.6,34.8,28.1,35.2,28.8,38.1,30.0,37.4,29.6,35.9,28.7,34.8,30.1,32.9,28.3,34.7,30.2,36.2,32.1,34.3,30.4,36.9,31.8
"충청북도",충북 청주시,69.9,63.2,57.6,55.6,55.1,47.4,48.1,43.2,43.2,44.0,37.8,38.3,36.4,36.0,32.2,-,-,-,-,-,-,-,-,-,-,-,-,-,-,-,-,-,-,-,-,-,-
"충청북도",충주시,25.6,22.7,21.7,20.9,21.2,20.7,20.9,20.9,20.1,20.3,20.7,18.5,18.8,18.8,17.4,19.9,19.0,19.4,18.6,22.9,19.4,19.7,18.2,20.7,18.2,18.2,18.2,19.9,17.3,19.3,17.4,19.6,18.2,17.8,17.7,22.2,17.3
"충청북도",제천시,25.9,21.8,22.0,20.8,22.2,20.6,20.0,21.4,22.9,24.4,22.4,21.0,20.8,18.7,14.3,18.5,14.1,20.4,15.4,22.5,16.8,20.9,15.8,18.8,15.0,17.6,15.3,17.3,13.2,16.2,12.9,17.3,13.9,15.6,14.5,19.4,14.0
"충청북도",청주시,-,-,-,-,-,-,-,-,-,-,-,-,-,-,-,34.0,27.1,35.8,30.0,40.5,33.2,39.4,33.4,37.3,31.9,32.6,29.5,31.7,28.0,31.3,27.9,32.3,30.5,32.1,27.6,32.3,29.1
"충청북도",충북 청원군,23.9,26.7,24.8,24.6,28.1,28.1,30.1,34.2,35.8,37.5,32.0,33.2,32.2,32.6,24.9,-,-,-,-,-,-,-,-,-,-,-,-,-,-,-,-,-,-,-,-,-,-
"충청북도",보은군,9.6,9.4,9.0,8.4,9.8,9.8,11.8,11.5,11.5,12.1,13.2,13.1,12.3,11.6,7.2,11.7,7.4,10.2,7.9,10.0,7.8,10.0,8.1,7.7,7.7,13.8,9.5,14.4,9.7,11.5,10.0,13.1,10.4,14.6,10.3,16.3,9.9
"충청북도",옥천군,19.6,16.0,15.1,13.9,15.7,13.9,15.4,14.1,14.3,14.4,16.0,15.1,15.7,15.1,9.4,15.3,10.0,18.1,9.9,18.6,10.4,17.7,10.0,17.5,9.8,16.8,11.4,16.3,10.5,16.2,10.7,15.4,10.7,15.5,11.3,14.4,11.2
"충청북도",영동군,19.1,14.3,14.2,13.7,15.3,13.3,15.3,16.0,15.9,14.5,14.3,14.2,13.7,14.4,6.3,17.4,7.3,17.9,9.4,15.9,7.5,15.6,6.8,16.7,6.7,16.1,8.1,11.7,8.0,14.6,7.6,15.3,8.2,18.1,9.7,15.7,11.8
"충청북도",진천군,26.0,23.0,24.8,26.9,26.2,27.0,28.7,28.1,29.6,26.3,26.0,27.9,28.7,32.7,28.4,29.0,25.7,30.8,26.9,30.4,26.9,29.6,26.9,27.8,25.0,29.4,27.0,27.1,25.4,28.7,26.1,28.1,26.4,29.7,27.9,32.1,28.6
"충청북도",괴산군,18.4,17.5,17.0,13.2,13.0,14.4,12.4,12.0,12.5,13.1,14.0,14.7,14.1,13.5,7.5,13.0,7.1,14.1,7.7,14.1,8.0,14.0,8.1,12.9,7.3,9.9,8.6,15.2,7.4,9.7,7.5,9.4,9.3,10.9,9.2,12.8,10.6
"충청북도",음성군,28.0,24.3,22.9,23.5,21.9,21.6,24.7,26.2,27.8,28.6,26.5,26.4,27.8,28.7,21.9,26.3,20.2,27.5,21.9,32.9,23.3,32.6,23.8,31.1,23.0,28.7,25.2,23.8,22.1,25.1,21.5,25.3,23.0,26.2,23.9,26.6,22.1
"충청북도",단양군,17.4,16.0,15.7,17.4,17.3,19.4,20.8,19.6,19.1,17.2,18.3,17.4,18.1,18.0,10.5,20.3,9.6,21.5,10.7,17.9,10.5,19.6,9.5,21.8,10.1,20.7,11.6,12.8,7.9,19.3,12.7,16.4,11.4,19.9,13.5,18.8,12.3
"충청북도",증평군,-,-,-,15.1,12.2,11.6,17.1,16.5,23.3,22.9,18.1,18.4,16.8,15.3,9.5,17.2,11.2,18.1,14.8,19.8,15.1,17.5,13.3,17.6,13.5,19.4,15.6,17.7,14.1,17.3,13.9,26.6,15.7,24.7,16.2,21.4,15.9
"충청남도",소계,30.5,28.4,29.8,30.5,32.7,35.3,36.9,37.8,36.6,36.6,35.4,35.5,36.0,35.6,30.2,35.2,30.4,38.7,33.5,39.3,34.3,38.9,34.5,37.8,33.0,38.3,34.4,36.9,32.3,37.0,33.1,37.9,33.6,37.6,32.4,36.8,32.2
"충청남도",천안시,46.4,43.9,46.1,51.1,48.9,47.7,52.5,54.0,49.5,54.5,46.2,46.6,46.6,44.1,41.2,42.7,40.5,44.1,41.1,46.1,43.0,46.3,40.1,47.6,38.0,44.0,37.0,37.4,33.9,37.4,31.8,37.4,31.2,39.1,33.4,37.9,33.7
"충청남도",공주시,17.0,15.7,15.2,15.2,19.2,19.6,18.5,17.5,17.2,19.1,17.1,16.2,17.5,17.7,14.0,18.7,14.5,19.9,14.8,18.4,14.2,16.1,15.4,18.7,13.9,18.8,12.5,18.4,12.7,17.5,12.3,18.1,13.2,15.4,12.2,17.5,12.9
"충청남도",보령시,17.8,15.6,16.7,18.6,20.5,27.6,23.7,21.7,21.0,22.6,19.9,20.6,19.7,20.3,12.1,19.9,12.3,20.9,13.8,21.3,15.7,21.4,15.2,20.4,14.7,14.2,13.6,16.8,11.9,14.3,13.7,16.4,14.5,15.4,13.7,14.8,13.6
"충청남도",아산시,32.4,29.6,30.9,33.9,39.9,48.5,49.5,53.9,50.8,52.3,45.1,46.5,48.5,47.3,40.3,39.9,36.1,45.5,42.1,47.1,42.6,48.6,43.1,40.9,35.8,38.8,37.7,38.5,37.5,42.5,37.1,42.0,34.9,37.8,31.6,39.7,32.4
"충청남도",서산시,28.2,24.4,23.2,23.1,23.0,33.0,34.5,32.2,31.8,32.1,27.4,29.1,27.8,26.9,20.6,28.5,20.3,31.8,22.4,35.4,28.4,36.6,30.3,39.5,28.2,30.5,24.7,30.8,20.1,30.6,22.6,28.4,23.5,23.8,20.7,22.6,18.6
"충청남도",논산시,21.2,20.0,17.4,15.4,14.7,16.8,18.3,16.3,16.9,18.9,16.4,16.5,16.1,15.4,11.6,16.7,11.4,16.4,11.5,16.9,11.9,12.9,11.2,13.2,11.0,12.6,11.4,16.2,11.6,14.9,12.3,14.7,12.1,19.0,10.9,16.7,10.7
"충청남도",계룡시,-,-,-,19.9,17.5,17.6,21.2,20.4,20.7,22.6,22.8,22.7,22.1,20.5,13.1,23.4,16.3,24.8,15.3,21.9,18.1,25.8,16.7,22.1,14.8,19.4,18.1,18.1,18.1,17.0,16.0,21.2,18.7,20.7,16.3,25.9,14.5
"충청남도",당진시,-,-,-,-,-,-,-,-,-,-,-,29.8,30.6,31.6,27.3,32.9,27.8,34.8,28.5,37.6,31.3,33.5,28.9,32.3,28.3,28.9,25.9,26.8,24.0,31.3,26.2,26.6,22.7,24.1,21.3,25.3,21.6
"충청남도",금산군,15.5,15.0,14.8,17.1,18.6,21.0,22.6,21.0,20.3,22.7,18.6,18.9,18.0,16.5,11.8,18.1,12.6,19.4,13.9,19.8,14.4,18.8,13.8,18.2,12.9,21.5,12.6,18.7,11.7,16.4,10.9,15.2,11.2,15.4,11.0,15.3,9.3
"충청남도",충남 연기군,32.0,28.5,22.9,25.3,21.2,23.9,22.5,23.4,27.1,35.5,27.2,25.8,-,-,-,-,-,-,-,-,-,-,-,-,-,-,-,-,-,-,-,-,-,-,-,-,-
"충청남도",부여군,15.8,14.6,13.5,13.2,12.4,13.6,13.8,13.7,14.9,14.9,14.3,14.5,11.3,10.7,9.2,10.9,9.0,11.1,8.9,12.7,8.8,13.5,9.5,14.3,9.2,14.2,9.1,13.3,8.5,10.9,9.4,13.0,9.4,15.7,10.0,15.5,10.0
"충청남도",서천군,15.8,13.0,12.7,13.8,10.1,10.2,11.9,12.4,12.0,11.8,13.1,12.8,12.2,11.3,8.7,12.5,8.7,12.7,9.0,12.6,9.1,12.4,9.2,13.1,9.0,13.9,10.1,12.0,9.7,11.1,9.7,11.5,9.7,12.1,8.9,13.2,8.9
"충청남도",청양군,11.6,13.8,12.5,12.1,11.6,12.8,11.2,15.2,12.0,12.2,13.9,12.4,13.0,14.3,9.0,15.2,9.0,16.2,10.1,16.7,9.5,18.0,11.5,15.9,9.2,15.8,10.2,19.2,9.4,17.6,9.7,17.9,9.4,18.6,9.3,21.6,9.3
"충청남도",홍성군,17.8,15.1,16.4,16.3,11.5,12.4,14.8,22.9,22.5,27.9,18.2,15.8,18.1,18.6,12.5,19.8,12.4,20.3,13.2,20.9,14.1,20.3,14.1,19.3,13.5,19.8,14.8,20.3,14.7,20.7,15.3,18.5,14.1,20.6,12.8,18.5,13.7
"충청남도",예산군,17.8,17.6,17.0,17.4,13.6,13.9,15.7,18.0,18.1,18.5,17.9,15.8,13.8,13.2,10.6,19.1,11.6,15.3,12.3,19.5,12.9,14.3,12.1,13.8,11.6,14.9,12.7,14.4,11.7,13.2,10.6,12.1,12.1,12.4,12.4,13.7,13.7
"충청남도",태안군,20.7,19.8,21.7,23.9,25.5,26.6,20.8,21.7,22.0,21.1,18.2,18.4,18.5,18.0,13.4,18.6,13.9,19.7,15.1,19.6,15.6,20.4,13.9,19.7,13.9,18.6,13.0,17.4,12.5,14.4,10.8,16.3,12.1,15.9,14.2,16.2,12.5
"충청남도",충남 당진군,28.0,27.5,26.3,27.7,32.5,33.3,30.0,37.0,36.7,39.0,36.5,-,-,-,-,-,-,-,-,-,-,-,-,-,-,-,-,-,-,-,-,-,-,-,-,-,-
"전북특별자치도",소계,27.7,26.3,25.6,25.9,25.1,23.9,23.5,22.6,23.6,24.6,24.5,26.0,25.7,27.0,22.8,27.6,22.1,29.7,23.6,28.6,22.3,27.9,21.5,26.5,20.4,30.1,24.9,27.7,23.1,28.1,23.8,27.9,23.8,27.3,23.5,27.1,23.6
"전북특별자치도",전주시,51.0,50.2,45.2,46.6,43.0,37.4,33.7,34.6,33.0,33.5,31.6,32.4,32.3,30.9,28.9,30.4,28.5,32.2,30.4,31.7,29.8,30.7,29.2,30.9,28.9,29.0,26.9,28.0,26.3,26.5,24.5,25.8,23.9,23.0,21.7,22.0,22.0
"전북특별자치도",군산시,31.7,34.6,31.5,27.6,23.2,22.0,24.6,24.3,23.5,27.4,24.7,26.3,27.1,27.9,23.1,26.2,22.4,26.6,24.5,24.7,22.8,25.2,23.6,21.6,20.2,19.0,18.7,17.7,16.4,17.5,16.3,17.4,15.9,19.5,16.1,22.1,17.3
"전북특별자치도",익산시,31.6,29.2,28.8,29.5,34.7,29.2,25.4,24.2,22.6,24.4,23.3,22.9,20.7,20.5,17.6,20.8,17.9,20.9,17.2,20.9,17.8,18.8,16.7,18.7,16.7,18.5,16.8,16.9,15.4,18.1,15.7,16.6,15.3,15.0,14.7,14.4,14.1
"전북특별자치도",정읍시,15.2,14.0,12.5,12.8,14.1,14.0,12.3,13.6,15.5,12.5,12.5,12.2,12.1,13.6,8.3,13.4,9.2,14.3,10.1,12.1,9.4,12.6,9.2,14.5,8.5,16.6,9.5,12.5,9.9,11.7,9.4,14.7,9.6,13.6,9.7,14.6,9.9
"전북특별자치도",남원시,16.2,14.5,14.4,13.9,12.8,11.3,11.2,12.0,9.9,9.3,9.6,8.3,8.6,9.2,8.3,10.9,9.1,11.9,9.6,11.3,9.3,11.7,8.6,11.4,7.7,11.3,9.1,12.3,8.5,12.2,8.8,12.7,8.6,11.3,8.7,10.2,9.0
"전북특별자치도",김제시,16.5,15.6,19.6,16.0,16.1,13.5,12.8,12.7,12.6,16.0,11.7,11.0,12.7,11.2,8.5,11.4,8.6,13.7,10.3,15.4,9.8,14.3,11.3,13.1,9.0,12.9,9.7,17.1,11.3,14.2,10.1,13.9,10.1,12.5,10.0,12.1,9.8
"전북특별자치도",완주군,23.8,22.5,22.4,22.5,20.3,19.1,20.5,26.8,23.7,23.5,22.9,25.7,25.8,34.3,29.5,29.6,22.8,31.1,24.2,28.0,23.3,24.0,21.2,22.5,20.3,22.8,18.1,18.4,15.8,22.0,16.4,20.4,16.3,20.0,17.7,17.6,16.1
"전북특별자치도",진안군,13.5,9.5,12.7,11.9,13.4,13.4,10.5,11.2,11.8,11.3,12.3,13.6,13.6,13.6,5.6,16.0,5.7,15.2,6.2,13.3,5.5,14.0,5.9,11.0,5.0,13.0,7.1,13.3,6.8,9.9,6.4,10.2,7.0,16.0,6.7,10.4,6.7
"전북특별자치도",무주군,18.6,18.5,18.6,19.1,15.4,14.0,12.3,13.5,11.6,12.6,13.0,12.6,14.1,15.7,7.7,17.0,8.2,17.9,7.9,18.1,7.7,20.2,7.5,18.0,7.0,19.9,8.5,17.7,7.4,13.4,7.9,10.3,7.2,10.7,8.1,9.4,8.6
"전북특별자치도",장수군,13.5,17.0,11.0,12.1,9.1,8.3,8.8,10.7,11.6,11.0,11.1,10.4,9.2,10.2,5.1,13.3,5.9,16.7,6.2,15.7,6.1,14.4,5.7,15.8,5.1,16.2,7.7,16.1,7.0,13.3,7.0,12.6,7.0,10.8,8.0,12.1,7.6
"전북특별자치도",임실군,12.4,10.5,10.8,13.5,12.2,12.4,9.9,12.2,9.0,11.5,12.5,11.3,12.6,12.2,5.5,13.1,5.6,15.6,6.2,15.8,7.1,13.0,5.1,12.9,5.7,14.3,8.5,15.0,8.8,10.7,8.3,11.0,7.7,8.6,8.1,9.2,8.7
"전북특별자치도",순창군,10.4,11.8,10.9,11.0,9.0,9.1,9.0,8.7,9.8,12.2,13.2,9.4,8.6,11.2,6.6,11.8,7.2,13.1,7.5,16.3,7.2,14.8,6.3,15.2,6.5,13.3,8.7,16.3,7.7,13.2,7.7,13.3,8.1,15.5,8.1,15.0,8.3
"전북특별자치도",고창군,12.9,10.8,10.6,10.3,9.0,10.7,7.7,8.8,10.2,9.6,9.4,7.8,12.4,13.7,8.1,14.3,8.7,15.4,8.8,14.9,8.1,14.3,7.6,13.8,7.4,12.8,7.5,11.9,7.7,12.6,8.5,11.7,7.9,15.1,9.4,13.2,9.5
"전북특별자치도",부안군,20.1,14.4,12.6,13.8,13.3,12.0,10.3,11.7,13.0,16.7,14.9,12.5,10.1,10.1,6.1,13.8,7.9,16.3,7.4,15.1,7.0,15.8,6.3,14.1,6.5,17.4,9.2,13.2,7.8,12.7,7.9,13.6,8.8,16.5,8.2,17.4,9.6
"전라남도",소계,22.0,20.8,21.0,21.1,19.9,20.2,20.1,21.4,19.4,20.6,20.7,21.4,21.7,22.2,17.4,22.8,17.8,23.8,19.3,26.2,20.0,26.4,19.8,25.7,19.1,28.1,23.3,27.0,22.2,28.3,24.2,28.7,23.9,26.9,24.4,27.1,23.7
"전라남도",목포시,30.7,30.2,32.1,31.5,29.7,27.7,28.2,23.4,23.8,25.1,27.8,26.6,22.2,23.2,21.1,22.8,20.3,23.5,20.7,23.7,21.0,24.0,20.7,21.6,18.7,20.2,19.2,21.9,20.0,19.2,17.3,21.9,18.7,20.4,16.4,20.5,17.4
"전라남도",여수시,33.5,30.3,32.9,31.0,33.0,30.6,30.0,30.6,30.3,28.9,28.3,30.2,31.9,31.0,26.4,29.4,23.4,30.8,25.7,36.1,30.1,36.6,31.2,36.8,33.8,37.8,27.0,34.0,27.6,33.7,29.3,31.7,26.9,30.8,25.9,28.7,23.8
"전라남도",순천시,28.4,26.7,25.7,29.0,26.4,28.8,27.0,21.9,19.8,20.8,20.6,20.7,21.8,23.1,18.3,24.3,19.0,26.2,19.5,26.8,19.5,27.6,21.1,25.0,18.9,25.0,19.2,19.8,18.0,19.5,17.8,20.8,19.7,21.8,19.6,22.5,19.5
"전라남도",나주시,16.9,13.8,12.8,17.2,13.8,11.4,11.1,10.9,15.1,15.4,15.0,17.9,18.2,18.5,13.6,16.7,13.3,17.5,16.1,24.2,21.5,23.7,20.6,22.6,18.4,18.7,18.7,18.2,18.1,16.9,16.8,18.1,15.2,16.8,16.8,16.2,16.2
"전라남도",광양시,38.1,35.5,41.0,40.4,49.4,48.7,46.6,48.1,46.3,37.8,40.0,39.5,35.3,34.5,30.7,36.3,31.8,35.5,31.2,35.5,31.3,38.5,26.5,31.6,24.6,33.3,24.3,33.1,23.2,36.0,25.3,31.6,22.6,30.3,22.9,28.2,20.9
"전라남도",담양군,14.7,13.8,18.6,15.9,12.2,13.2,13.2,14.7,15.7,14.1,16.4,16.3,17.0,16.1,9.7,17.6,10.4,16.6,10.5,17.5,11.5,17.7,12.0,17.8,12.3,13.4,12.3,16.8,10.6,14.2,10.7,14.2,11.1,13.6,12.0,14.1,11.3
"전라남도",곡성군,11.7,10.1,10.9,10.9,9.7,8.7,9.9,10.7,12.0,8.7,9.4,9.7,8.6,9.2,6.9,10.5,7.4,12.7,7.8,14.0,7.7,16.7,7.1,17.9,7.1,18.0,9.5,15.4,8.4,14.3,8.3,14.0,8.7,13.4,9.3,13.9,8.9
"전라남도",구례군,13.1,10.5,11.4,12.1,10.7,11.1,10.8,11.5,9.3,11.4,11.0,10.2,9.5,9.4,6.0,9.8,6.7,9.9,6.6,9.9,7.1,8.5,6.3,8.7,6.4,8.5,7.3,9.6,7.2,7.1,7.1,7.7,7.7,9.5,7.8,9.0,7.7
"전라남도",고흥군,10.4,8.6,7.9,8.6,9.1,9.2,8.5,7.6,8.6,8.6,8.8,8.1,10.2,10.9,5.7,11.6,5.4,12.6,6.1,12.8,6.2,12.7,6.0,12.3,6.2,11.8,7.1,12.2,6.5,10.6,6.3,10.8,6.8,11.0,7.1,11.6,6.4
"전라남도",보성군,10.6,9.2,9.3,9.5,10.2,10.5,8.3,8.8,8.2,8.9,11.1,10.8,10.2,10.4,5.8,10.0,5.7,11.1,6.6,12.1,6.6,13.7,5.8,14.5,5.3,9.4,6.3,12.1,6.4,9.4,7.0,10.4,8.1,9.8,7.6,14.1,7.4
"전라남도",화순군,16.0,17.4,14.5,16.8,15.7,17.2,25.8,26.8,24.6,23.1,21.6,23.6,24.5,23.7,19.2,22.7,17.9,21.0,18.4,21.7,18.4,21.1,18.0,21.3,18.1,21.6,16.6,20.4,15.2,18.7,13.9,19.4,14.4,16.5,15.6,13.5,13.5
"전라남도",장흥군,8.5,8.5,10.0,9.3,8.2,8.5,9.6,9.7,9.8,9.2,9.9,9.6,9.5,9.6,5.7,9.9,6.0,11.6,6.6,13.1,7.9,12.1,7.3,11.3,6.7,12.7,8.3,10.9,6.7,10.1,7.0,10.5,7.5,9.7,8.0,10.4,8.5
"전라남도",강진군,10.1,9.3,11.4,8.2,8.3,7.8,9.3,9.1,8.6,9.2,9.3,10.0,7.3,8.1,6.5,10.3,7.7,10.2,7.7,9.3,7.0,12.2,7.0,11.2,5.9,7.8,7.8,12.3,8.3,7.8,7.8,10.8,7.6,8.9,7.8,10.2,8.5
"전라남도",해남군,12.4,10.9,12.4,11.8,10.0,10.4,10.5,8.5,12.0,11.9,9.7,9.0,8.5,8.6,6.0,8.9,6.4,12.1,6.4,11.8,6.5,15.0,7.9,21.7,6.2,13.5,7.4,16.0,6.9,9.6,7.7,9.6,7.7,13.3,7.8,12.9,7.8
"전라남도",영암군,15.0,13.1,12.4,13.1,12.7,12.8,12.2,12.8,15.0,18.2,21.0,22.8,20.3,18.9,15.9,16.7,13.7,13.7,13.7,14.8,14.8,14.0,14.0,12.4,12.4,13.0,13.0,11.9,11.9,10.8,10.8,11.1,11.1,12.1,12.1,16.0,12.1
"전라남도",무안군,14.7,12.6,11.0,10.5,6.9,10.3,10.3,10.2,12.0,10.7,11.0,10.2,11.7,13.6,10.5,13.5,10.6,16.1,11.6,16.4,12.7,18.2,13.3,24.5,11.9,24.8,14.7,20.3,11.8,11.7,11.7,15.8,13.2,14.1,14.1,14.3,14.3
"전라남도",함평군,12.3,11.7,11.6,11.4,11.3,9.4,11.1,10.2,14.1,10.3,8.1,8.0,7.9,10.1,6.0,9.9,6.2,12.0,7.7,10.3,6.9,10.2,6.9,9.9,6.8,8.8,8.5,14.5,8.0,9.8,7.6,20.3,7.6,10.4,7.2,12.9,8.5
"전라남도",영광군,16.1,18.1,18.7,17.6,18.4,18.1,20.3,17.1,15.6,13.1,10.4,11.3,12.2,11.7,9.3,11.8,9.2,13.4,10.2,17.4,12.8,19.6,13.1,14.1,10.2,13.8,10.5,11.4,10.9,13.4,12.9,12.1,11.7,12.1,11.7,12.5,11.9
"전라남도",장성군,11.7,11.2,11.1,10.9,11.0,11.1,14.2,13.0,12.3,10.7,10.7,15.3,12.3,12.7,7.6,15.5,8.3,21.1,8.7,19.2,8.7,18.3,8.9,18.0,9.4,14.6,11.8,16.4,10.4,14.8,11.2,14.3,11.0,14.0,10.8,21.6,17.6
"전라남도",완도군,12.0,9.8,13.1,11.3,10.1,11.3,10.2,6.4,7.2,9.5,9.6,9.9,10.8,10.9,5.0,12.1,5.9,12.6,7.3,13.5,7.5,12.7,7.2,11.4,6.5,11.1,6.3,11.6,6.0,6.5,6.5,12.3,6.2,7.2,7.2,7.2,7.2
"전라남도",진도군,11.6,12.1,10.9,10.6,11.0,10.4,13.1,10.6,10.6,11.1,11.7,11.4,11.7,12.9,5.2,9.4,4.6,10.0,4.8,12.4,6.5,14.1,7.4,13.9,7.4,23.6,8.1,17.3,9.0,14.5,8.5,14.5,7.8,16.6,9.3,21.4,8.7
"전라남도",신안군,10.3,9.9,6.7,7.1,9.6,8.6,8.6,6.4,8.0,12.7,7.6,9.3,8.4,7.6,5.1,7.4,4.8,10.2,5.8,8.6,5.8,10.0,6.0,8.5,6.2,6.6,6.6,7.4,6.4,7.5,6.7,7.8,6.9,8.4,7.9,8.2,6.7
"경상북도",소계,31.3,30.1,29.2,29.4,29.6,27.8,28.9,28.7,27.7,29.3,28.1,28.3,28.0,29.1,22.7,30.0,24.3,33.3,26.1,32.7,26.2,33.3,26.2,31.9,24.9,32.1,27.1,29.8,24.9,30.0,25.6,29.7,25.3,29.8,24.6,31.0,24.3
"경상북도",포항시,51.5,50.1,53.5,49.3,50.1,47.8,48.5,53.3,49.7,41.4,40.5,42.6,39.2,35.1,33.1,36.1,33.7,35.2,32.7,37.1,30.9,34.9,30.7,31.9,28.1,28.3,24.6,21.9,19.6,29.5,27.0,26.1,25.4,24.5,23.2,26.0,21.0
"경상북도",경주시,29.1,25.0,29.1,30.3,30.0,26.6,27.8,29.5,28.1,28.0,25.2,24.9,25.2,26.2,21.0,25.4,19.7,25.6,20.8,27.9,22.7,29.9,24.7,28.4,22.2,23.9,19.6,23.9,19.3,21.8,19.8,21.2,17.8,22.8,19.0,23.8,19.1
"경상북도",김천시,24.5,22.6,19.8,22.8,20.6,21.2,23.9,24.2,21.9,23.6,19.0,19.8,19.0,23.1,11.8,24.1,12.3,25.8,14.1,29.5,14.2,31.3,13.3,27.6,14.8,25.5,13.4,26.0,12.1,24.9,12.5,20.5,12.0,24.7,11.8,19.3,11.2
"경상북도",안동시,18.9,18.2,18.3,20.0,16.7,16.2,14.5,15.6,15.2,15.1,16.8,16.7,13.7,13.8,10.8,13.8,10.9,15.1,12.4,15.7,12.6,14.3,11.2,14.1,11.1,12.7,10.6,13.6,11.1,14.4,11.3,13.9,11.2,14.7,10.7,17.4,9.8
"경상북도",구미시,64.1,63.4,63.9,64.1,57.9,54.1,47.6,44.8,44.2,41.5,42.5,44.7,42.0,41.3,37.7,41.1,37.6,44.2,40.9,47.6,43.7,47.6,43.5,44.2,40.5,41.3,37.9,34.0,29.1,32.7,28.4,30.6,27.6,31.9,27.2,34.1,26.2
"경상북도",영주시,21.8,25.4,22.9,19.8,17.7,18.2,19.0,18.4,18.7,17.9,18.3,18.6,18.5,18.2,12.0,20.5,14.5,23.1,14.0,17.6,11.2,17.4,11.3,17.9,10.6,18.7,11.5,17.4,11.9,18.2,12.8,17.0,11.5,20.2,10.4,20.6,10.2
"경상북도",영천시,19.2,20.5,17.6,18.8,22.0,18.8,20.1,19.4,19.6,19.8,17.7,17.4,19.8,19.0,12.3,18.8,14.2,17.5,14.9,17.4,15.6,17.9,14.8,18.8,14.2,18.5,15.4,17.0,14.2,15.9,13.5,15.1,12.8,14.9,12.7,15.4,12.3
"경상북도",상주시,14.7,14.3,13.8,13.9,13.6,11.8,11.5,10.8,14.2,11.4,12.1,12.7,13.1,13.6,8.1,13.4,8.4,14.0,8.7,13.9,8.9,13.8,9.1,15.3,8.5,15.1,8.4,15.0,8.1,15.1,8.2,14.8,8.6,16.9,8.2,13.9,8.4
"경상북도",문경시,16.7,13.1,13.1,14.5,15.2,16.5,16.4,17.3,16.7,20.0,19.3,20.1,19.8,19.5,13.0,20.2,13.7,19.9,13.8,18.3,13.1,22.0,12.3,20.6,11.9,16.2,11.3,17.0,10.7,14.9,9.5,13.0,8.4,19.1,12.6,25.7,10.1
"경상북도",경산시,37.4,33.3,33.3,33.3,35.1,28.7,31.0,36.0,30.0,27.9,27.8,27.5,27.5,26.5,22.6,27.5,23.4,30.8,25.5,30.8,25.1,33.8,27.4,31.9,25.0,29.4,24.6,28.3,23.3,25.8,22.4,24.9,21.9,27.4,20.6,24.5,19.8
"경상북도",군위군,12.9,11.0,10.4,10.5,14.6,13.1,16.7,17.5,19.0,11.7,10.3,10.1,9.1,11.0,5.7,11.7,5.9,11.3,5.7,10.6,5.6,13.3,5.7,12.6,5.2,13.6,7.4,12.4,7.4,9.7,6.5,10.4,7.4,-,-,-,-
"경상북도",의성군,14.5,15.0,14.0,13.0,10.0,9.6,9.1,9.8,11.0,11.7,11.2,10.5,10.4,12.8,6.0,14.8,7.4,13.2,7.2,14.8,6.9,14.7,7.2,16.0,7.5,11.5,8.9,15.9,8.5,14.0,8.2,9.3,9.3,14.1,9.4,16.0,8.5
"경상북도",청송군,13.4,12.9,14.5,14.3,16.7,13.6,14.9,13.8,13.1,13.1,12.3,11.9,9.1,9.9,4.9,11.6,6.7,11.9,6.0,10.7,6.0,11.3,6.3,10.4,5.7,10.9,7.8,13.2,6.9,10.7,6.8,13.9,6.9,10.8,7.4,13.3,7.9
"경상북도",영양군,9.4,10.9,8.4,8.9,10.2,8.8,9.4,8.3,9.9,10.8,10.0,9.0,7.7,9.2,3.9,10.8,4.5,13.6,4.1,13.6,4.2,11.7,4.1,11.8,4.0,10.5,6.1,13.1,5.8,12.5,6.0,13.8,6.3,15.2,6.8,15.4,6.1
"경상북도",영덕군,14.2,12.9,11.4,11.4,11.6,11.1,12.6,11.9,11.9,12.4,10.8,10.2,12.3,13.6,7.8,13.1,8.8,13.5,8.8,13.1,8.4,11.4,7.3,13.4,7.6,11.2,8.8,11.0,8.0,11.0,8.6,11.3,7.6,12.7,7.8,15.9,7.7
"경상북도",청도군,14.5,12.9,11.6,10.0,11.5,11.0,10.6,11.8,12.5,12.2,10.9,11.5,11.6,11.2,6.5,12.5,7.7,15.7,9.0,16.1,8.6,16.3,8.9,15.3,8.4,18.4,10.3,23.3,8.5,24.7,8.9,21.8,8.2,17.1,9.6,14.7,9.3
"경상북도",고령군,18.8,20.1,17.8,18.2,15.9,14.9,14.8,14.3,16.8,15.7,15.2,16.3,14.7,13.1,8.2,13.7,9.4,16.8,10.9,21.0,13.1,21.5,13.1,20.7,12.9,18.6,11.7,17.6,11.9,19.6,10.7,19.5,10.7,19.2,10.8,18.1,11.4
"경상북도",성주군,17.9,23.4,13.6,16.2,15.1,13.5,15.8,14.3,15.1,16.4,15.8,15.9,15.0,14.4,8.8,15.6,10.3,15.3,10.1,15.3,10.4,15.8,10.7,15.9,9.7,18.6,12.2,20.1,11.4,16.1,12.1,18.1,11.6,19.2,11.4,17.2,11.6
"경상북도",칠곡군,29.9,32.9,33.2,33.6,30.2,32.3,30.2,30.7,31.9,28.5,25.7,24.8,21.9,22.2,19.3,23.2,20.6,27.0,21.9,28.9,23.9,29.4,24.5,27.5,24.0,26.2,23.0,26.4,22.5,24.8,20.6,27.0,20.0,29.8,19.5,31.0,17.7
"경상북도",예천군,13.2,14.0,10.9,11.4,13.2,10.1,11.9,12.9,12.4,12.2,10.9,11.8,10.1,10.7,5.9,11.3,6.5,10.9,7.5,11.5,8.0,12.7,8.8,13.1,9.2,13.6,10.2,12.0,9.9,12.1,9.3,16.2,9.5,14.9,9.2,15.3,9.5
"경상북도",봉화군,9.4,9.8,9.5,9.2,9.0,8.0,7.4,8.5,8.6,9.3,10.5,10.6,10.5,10.1,5.2,9.7,5.9,9.6,6.0,11.2,6.0,10.3,5.7,9.0,5.1,7.5,6.2,6.7,6.7,9.9,6.5,8.3,6.2,7.5,6.8,10.9,7.3
"경상북도",울진군,21.7,22.0,20.9,21.6,20.2,21.3,20.9,20.3,20.6,16.4,15.2,12.9,15.0,15.9,9.2,15.8,10.2,16.0,10.2,17.4,11.4,18.6,11.9,16.5,9.8,16.5,10.7,14.6,11.2,14.9,10.6,15.4,10.9,20.4,11.7,24.5,12.2
"경상북도",울릉군,17.7,26.4,24.2,17.1,18.0,15.6,15.0,14.3,13.3,17.1,11.6,13.3,14.9,15.7,10.1,17.6,9.6,17.3,10.5,17.1,10.6,16.8,10.5,16.1,10.0,11.3,8.4,14.9,9.2,22.9,11.6,18.9,11.5,23.1,10.2,17.9,14.2
"경상남도",소계,39.5,36.3,37.2,38.3,37.5,38.8,39.1,39.4,39.4,42.9,42.6,43.3,41.7,42.4,36.0,43.3,37.4,43.5,36.6,45.0,38.7,44.7,37.7,40.5,33.4,40.0,34.3,38.9,33.5,37.5,32.8,38.8,33.7,39.2,33.6,39.2,34.3
"경상남도",경남 창원시,69.1,64.6,62.7,58.9,67.7,63.8,57.5,55.2,56.4,60.9,-,-,-,-,-,-,-,-,-,-,-,-,-,-,-,-,-,-,-,-,-,-,-,-,-,-,-
"경상남도",경남 마산시,50.0,42.4,39.6,40.5,41.8,38.9,40.1,41.1,39.9,43.3,-,-,-,-,-,-,-,-,-,-,-,-,-,-,-,-,-,-,-,-,-,-,-,-,-,-,-
"경상남도",진주시,38.7,32.1,31.8,32.1,33.7,32.1,31.1,30.3,33.4,34.3,27.3,27.6,28.4,31.2,19.5,30.3,19.8,31.7,21.6,34.1,23.4,34.8,23.3,35.2,21.1,30.5,21.0,31.8,20.0,28.4,19.4,26.7,19.0,27.7,19.7,25.0,19.7
"경상남도",경남 진해시,37.3,32.3,27.0,29.0,30.9,28.8,31.3,51.5,30.8,30.7,-,-,-,-,-,-,-,-,-,-,-,-,-,-,-,-,-,-,-,-,-,-,-,-,-,-,-
"경상남도",통영시,19.6,20.8,17.3,18.3,21.3,25.3,19.5,20.4,23.9,24.4,22.5,22.4,22.5,21.7,16.3,21.0,16.4,23.5,16.5,23.2,16.7,22.2,16.1,18.7,13.9,16.7,12.6,17.0,12.0,15.4,12.3,15.3,12.3,15.4,12.5,16.0,13.1
"경상남도",사천시,23.0,18.6,18.3,19.9,21.1,20.4,19.8,19.4,19.4,18.3,18.6,19.7,20.4,21.6,14.6,21.0,14.0,22.5,15.7,22.6,15.5,23.4,15.4,22.6,15.0,23.0,16.5,21.4,15.9,20.5,15.1,20.2,14.6,18.4,14.9,19.5,15.5
"경상남도",김해시,39.1,40.7,35.7,38.9,47.7,40.4,41.2,37.1,38.4,42.1,38.8,38.5,37.4,39.1,33.8,39.0,33.0,41.3,35.2,41.6,35.2,42.6,36.3,39.9,34.4,35.1,31.7,32.9,28.8,31.3,29.3,32.0,28.2,29.6,28.0,28.9,27.3
"경상남도",밀양시,19.4,18.8,18.3,17.6,21.0,20.8,21.8,22.3,21.7,22.6,18.6,18.9,20.0,22.2,13.5,19.1,14.3,19.0,14.9,19.5,15.7,19.8,15.3,18.4,14.4,17.1,13.7,19.7,16.0,15.4,13.0,20.8,14.8,18.7,13.0,19.8,13.0
"경상남도",거제시,32.9,28.7,30.7,29.9,33.0,35.6,38.1,40.4,36.5,41.9,39.1,41.6,45.2,44.3,35.9,41.5,34.0,41.5,34.3,37.9,32.4,34.5,27.9,32.4,27.0,31.4,19.6,26.2,21.2,21.2,17.0,25.0,16.5,25.3,16.9,23.6,16.5
"경상남도",양산시,61.5,50.8,50.4,51.7,46.9,48.3,46.0,46.4,47.2,38.1,40.4,42.3,44.1,42.3,38.7,40.3,35.6,40.5,32.0,42.2,36.9,43.6,35.9,39.3,33.6,35.8,29.9,32.4,27.1,30.4,25.7,30.9,25.2,30.2,25.1,32.2,28.2
"경상남도",창원시,-,-,-,-,-,-,-,-,-,-,48.0,41.8,42.8,42.6,39.8,41.6,40.0,42.6,39.7,43.7,41.0,42.4,39.8,39.1,36.7,37.1,34.8,37.5,34.5,34.4,32.3,33.3,31.2,33.2,30.6,32.9,31.4
"경상남도",의령군,14.0,12.7,12.1,11.8,12.9,13.4,14.2,14.2,14.8,18.9,16.7,16.3,15.4,16.4,7.4,15.9,8.5,16.9,9.6,17.2,7.8,17.4,7.6,16.0,7.5,15.9,7.7,16.2,8.6,18.0,8.0,15.2,7.7,18.0,8.0,19.9,8.4
"경상남도",함안군,20.4,20.6,19.9,19.6,17.5,19.7,21.5,20.2,24.1,26.8,26.2,24.6,24.2,25.5,17.5,24.8,18.1,25.7,18.7,27.3,19.5,25.4,18.2,25.4,16.0,26.8,16.8,25.6,16.2,25.3,15.2,27.5,15.1,26.3,14.6,26.7,16.1
"경상남도",창녕군,19.9,17.5,18.4,19.1,18.0,16.4,15.4,15.7,16.3,15.9,15.6,15.6,15.4,13.7,8.9,14.0,9.3,15.3,10.7,19.4,11.1,19.9,11.0,18.4,10.5,19.7,12.5,19.8,12.0,18.8,11.9,19.6,13.1,19.8,13.4,23.5,13.1
"경상남도",고성군,14.6,14.4,13.8,13.9,16.4,21.8,13.3,13.7,14.7,14.9,15.7,16.7,14.5,13.8,9.6,14.6,10.2,17.0,9.7,16.0,10.0,17.3,10.7,17.8,11.3,16.6,11.3,14.9,10.2,11.9,8.4,15.9,9.4,17.7,10.3,16.2,10.3
"경상남도",남해군,15.6,11.4,12.3,13.7,16.6,13.9,13.9,12.0,10.5,11.5,12.6,12.4,13.5,14.2,6.9,15.3,8.3,15.6,8.0,15.0,7.5,16.2,7.5,17.8,6.1,18.1,8.8,16.6,7.1,14.0,8.9,14.1,8.9,16.9,9.2,17.6,10.0
"경상남도",하동군,16.3,15.4,14.0,15.5,17.1,15.3,15.4,15.1,15.7,14.7,14.3,13.4,13.1,13.8,7.6,13.2,7.2,14.4,7.9,15.0,7.7,17.4,7.7,12.7,7.1,12.8,8.0,14.8,10.8,18.5,13.0,14.3,10.4,19.2,8.9,16.1,9.8
"경상남도",산청군,12.3,11.3,11.4,12.9,13.8,12.6,11.8,9.8,12.7,14.1,14.6,11.1,11.5,12.8,9.2,12.8,9.5,12.9,9.6,13.2,8.8,15.3,8.7,15.0,7.4,15.2,8.9,17.2,9.3,16.9,7.8,19.3,8.2,21.0,9.3,21.4,10.5
"경상남도",함양군,12.6,10.2,8.6,8.5,9.4,11.3,10.8,10.5,11.8,10.4,11.3,11.2,10.7,13.1,6.3,14.3,7.5,14.5,7.2,17.0,6.6,18.7,5.8,17.1,5.5,20.0,10.0,20.1,9.6,19.6,9.8,18.5,9.9,22.6,10.2,19.6,10.4
"경상남도",거창군,14.4,14.4,14.2,16.7,13.0,14.5,13.5,13.6,12.6,12.8,10.7,10.8,11.3,11.7,7.1,14.1,7.9,16.5,7.6,19.4,7.7,17.9,7.7,24.6,8.1,19.4,8.9,21.8,7.8,18.5,8.1,15.2,8.5,22.4,7.9,22.9,9.0
"경상남도",합천군,16.2,14.6,13.2,12.6,12.6,13.3,13.4,13.2,14.3,12.7,11.6,11.3,12.1,11.1,6.2,13.4,7.7,13.3,7.7,14.9,7.5,13.6,7.6,12.7,7.1,9.6,8.8,11.6,8.1,9.0,8.0,9.7,8.1,9.7,8.1,11.6,8.1
"제주특별자치도",소계,33.6,36.6,37.4,34.7,39.3,33.8,26.4,26.3,25.2,26.1,25.1,28.5,30.6,34.0,30.1,36.4,30.3,38.2,31.5,39.6,33.7,42.5,34.5,36.5,33.0,40.1,32.9,38.7,32.7,37.1,32.7,36.9,33.3,38.4,34.0,39.5,33.1
